中山大学,1875
如何,622
专业,411
学院,354
考研,313
什么,282
研究生,278
评价,216
看待,195
哪个,188
怎样,170
还是,169
选择,164
中大,156
大学,153
哪些,144
怎么样,136
请问,134
怎么,133
体验,129
岭南,128
管理,127
为什么,102
学生,102
可以,101
金融,97
中山,96
学校,93
广东,93
准备,90
本科,89
就业,86
高考,85
专硕,83
硕士,82
校区,80
应该,78
一种,78
一个,71
广州,71
比较,68
想考,67
南京大学,66
计算机,60
报考,58
老师,57
需要,57
一下,53
考生,53
多少,53
招生,52
珠海,51
知道,50
深圳,50
武汉大学,50
更好,50
医学院,50
或者,48
有没有,47
推荐,46
方向,46
问题,45
情况,44
毕业,44
是否,44
就读,43
工作,42
考上,42
经济,42
厦门大学,41
录取,40
经济学,40
没有,38
一些,38
现在,38
关于,38
院校,37
专业课,37
教授,37
高校,37
复试,37
考试,37
难度,36
武大,36
二本,35
厦大,34
暨南大学,33
学习,33
发展,33
普通,33
本人,33
还有,33
分数线,32
南校区,32
文科,32
旅游,31
国际,31
如果,31
排名,31
华南理工大学,30
建议,30
会计,29
科学,29
参考书目,28
保研,28
中山医学院,28
理科,28
各位,28
华工,27
跨专业,27
管院,27
经验,27
文科生,27
华南理工,27
复习,26
什么样,26
前景,26
这个,26
水平,26
工程,26
教育,26
今年,25
要求,25
本科生,25
努力,25
自主,25
新闻,25
区别,25
志愿,25
国内,24
东校区,24
法学,24
英语,24
自己,24
金融学,24
计划,23
学姐,23
可能,23
综合,23
校园,23
大二,23
医院,23
优势,23
了解,23
中国,23
是不是,23
浙大,23
应用,22
通过,22
参加,22
调剂,22
设计,22
事件,22
其他,22
到底,22
国际金融,22
目标,22
那么,22
大神,22
出国,21
临床,21
心理学,21
成绩,21
希望,21
喜欢,21
才能,21
南开,21
课程,20
工程学院,20
社会工作,20
哪里,20
历史,20
毕业生,20
分数,20
技术,20
项目,20
化学,20
以及,20
企业,20
南方,19
信息,19
学长,19
博士,19
前辈,19
面试,19
临床医学,19
师兄,19
但是,19
机会,19
附属,19
自考,19
怎么办,19
女生,19
研究,19
真的,19
新生,19
计算机专业,19
谢谢,18
传播,18
医学,18
进入,18
校长,18
想要,18
实力,18
软件工程,18
大三,18
师姐,18
名校,18
好考,17
求问,17
中心,17
地方,17
数据,17
哲学,17
纠结,17
跨考,17
中文系,17
适合,17
学硕,17
考中大,17
数学,17
南开大学,17
中山大学哲学系,17
一般,17
规划,17
大家,17
学科,17
相关,17
北大,17
以后,17
不会,17
广东省,16
打算,16
工科,16
资料,16
物理,16
导师,16
同学,16
工商管理,16
相比,16
大概,16
教材,16
方面,16
申请,16
理科生,16
传播学,16
中山纪念中学,15
交换,15
未来,15
目前,15
药学,15
一本,15
上财,15
联合,15
读研,15
不能,15
第一,15
之间,15
备考,14
华南,14
对于,14
翻译,14
高三,14
学术,14
时间,14
基础,14
很多,14
同济,14
博雅,14
外国语,13
法学院,13
找到,13
指导,13
这么,13
岭院,13
奖学金,13
影响,13
行政,13
华中科技大学,13
感觉,13
北方,13
文学,13
交流,13
存在,13
科技,12
系统,12
容易,12
为何,12
内容,12
高二,12
时候,12
宿舍,12
一点,12
抉择,12
作为,12
活动,12
哪所,12
填报,12
全国,12
难考,11
科研,11
指点,11
书目,11
东南大学,11
非全日制,11
上海,11
深圳大学,11
具体,11
比如,11
科目,11
地理,11
大学城,11
的话,11
取消,11
一年,11
汉语言,11
知乎,11
值得,11
口腔,11
一事,11
大一,11
哲学系,11
省排,11
香港,11
统计学,11
一番,11
非法,10
发现,10
分享,10
复旦,10
觉得,10
有人,10
管理科学,10
一院,10
图书馆,10
国家,10
北邮,10
分别,10
北京,10
最好,10
全省,10
会计学,10
大岭,10
暨大,10
左右,10
哈工大,10
院系,10
数学系,9
罗俊,9
网络,9
经历,9
考虑,9
差距,9
困难,9
开始,9
成功,9
学费,9
成为,9
北航,9
专项,9
之后,9
江苏,9
法律硕士,9
有关,9
感受,9
从事,9
人类学,9
北校区,9
附近,9
汉语,9
注意,9
培养,9
生命科学,9
介绍,9
珠三角,9
不是,9
留学,9
四川大学,9
出路,9
推免,9
三本,9
不好,9
计算,9
那个,9
生物,9
这样,9
商学院,9
想读,9
数计,9
请教,9
八年,9
软件,9
一所,9
最近,9
生活,9
历史系,9
英语专业,9
人大,9
甘阳,9
读书,8
护理,8
社会学,8
浙江大学,8
孙中山,8
学期,8
新华,8
艺术,8
商务,8
农村,8
香港中文大学,8
市场营销,8
中山医,8
不要,8
医学生,8
会计专业,8
几个,8
统计,8
师资,8
生科院,8
北京大学,8
求助,8
一名,8
好吃,8
副教授,8
城乡规划,8
在职,8
公共卫生,8
进行,8
类似,8
校内,8
我们,8
安排,8
进去,8
多难,8
辅修,8
山东大学,8
本部,8
条件,8
解答,8
特色,8
两个,8
择校,7
师范大学,7
校友,7
广西,7
行业,7
主要,7
师范,7
媒体,7
经管,7
你们,7
材料,7
心理,7
男生,7
四川,7
医生,7
求教,7
语言文学,7
物理系,7
北外,7
现象,7
可能性,7
研究院,7
人文地理,7
一流,7
建设,7
四年,7
政治,7
台湾,7
食堂,7
北师大,7
梅隆,7
看法,7
行为,7
眼科,7
几年,7
特别,7
歧视,7
互联网,7
不同,7
康复,7
迷茫,7
合适,7
计算机科学,7
外校,7
合并,7
世界,7
放弃,7
一样,7
必要,7
中法,7
为了,7
出现,7
大学生,7
浙江,7
计算机系,7
调整,7
继续,7
南大,7
劣势,7
公司,7
网上,6
评估,6
电子,6
能否,6
电子信息,6
西财,6
西南,6
古籍,6
院长,6
女朋友,6
大好,6
政务,6
男朋友,6
古代文学,6
管理学,6
留在,6
而言,6
广外,6
挂科,6
微电子,6
双鸭山,6
生物学,6
个人,6
本校,6
学医,6
参考书,6
除了,6
公益,6
那些,6
卡内基,6
河南,6
教学,6
知识,6
有趣,6
实习,6
决定,6
复旦大学,6
通知,6
学系,6
状况,6
协会,6
规定,6
表现,6
言论,6
提前,6
模式,6
法律,6
公众,6
这一,6
广州中山大学,6
部分,6
日语,6
帮助,6
开学,6
客观,6
详细,6
上海财经大学,6
本科毕业,6
招收,6
夏令营,6
性价比,6
几所,6
南京,6
报名,6
入学,6
双学位,6
国立,6
移动信息,6
大国,5
事情,5
图书,5
逸仙,5
中文,5
三个,5
独立,5
程度,5
素质,5
中南财经政法大学,5
中大读,5
修复,5
提高,5
获得,5
公布,5
人间,5
法医学,5
优秀,5
平时,5
授课,5
全日制,5
养生,5
武汉,5
西安交大,5
通信工程,5
问问,5
他们,5
接受,5
发展前景,5
分子生物学,5
同济大学,5
每年,5
要考,5
药学院,5
怎样才能,5
入读,5
认可度,5
考入,5
逆袭,5
西南政法大学,5
支招,5
能够,5
研究所,5
里面,5
博士后,5
教务,5
提问,5
改革,5
导致,5
一天,5
一门,5
加入,5
绩点,5
来说,5
初试,5
复读,5
资源,5
发生,5
开设,5
正在,5
这种,5
特殊,5
说明,5
高中,5
方式,5
光华,5
好不好,5
信息管理,5
朋友,5
学子,5
而且,5
然后,5
硕士生,5
转系,5
重要,5
听说,5
不想,5
有何,5
城市,5
中央财经,5
北京师范大学,5
细胞,5
各自,5
哪位,5
属于,5
口腔医学,5
管理系,5
暑假,5
河北,5
对外经贸大学,5
情报学,5
西方,5
交通,5
地域,5
物理学,5
央财,5
预科,5
逻辑学,5
毕业典礼,5
环境,5
达到,5
南校,5
交互,5
上海交大,5
各有,5
选课,5
超越,5
所谓,5
同时,5
名额,5
超算,5
社团,5
比不上,5
小学,5
地质学,5
关系,5
成立,5
病毒,5
西北大学,4
法硕,4
对比,4
拜托,4
跪求,4
山东,4
科普,4
合作,4
新传,4
预防,4
生态学,4
笔试,4
人才,4
大赛,4
该不该,4
能力,4
财经新闻,4
各个,4
中学,4
联系,4
下学期,4
名能,4
近期,4
医科,4
哪家,4
不够,4
理想,4
情报,4
港澳,4
使用,4
医科大,4
四个,4
求学,4
概率,4
准备考,4
资讯,4
财务管理,4
很大,4
清北,4
专科,4
单身,4
大佬,4
质量,4
更强,4
已经,4
研究生院,4
氛围,4
提供,4
会计系,4
高中生,4
地区,4
一流大学,4
一定,4
中轴线,4
地铁,4
十号,4
解决,4
期间,4
变化,4
目录,4
财务,4
检验,4
妹子,4
比例,4
第四次,4
投档线,4
出来,4
最低,4
通识,4
空调,4
手术,4
好玩,4
语言,4
理论,4
清华,4
校歌,4
拿到,4
中珠,4
失败,4
非常,4
厉害,4
长期,4
过程,4
参观,4
华东师范大学,4
改为,4
多大,4
华西,4
设置,4
顺德,4
上交,4
含金量,4
支持,4
并且,4
川大,4
华政,4
二战,4
工业,4
生命,4
科学院,4
以上,4
人士,4
不知,4
上课,4
校外,4
社会,4
清华大学,4
不错,4
复交,4
学好,4
值不值得,4
差别,4
微信,4
微博,4
问下,4
只有,4
汇丰,4
公共,4
原因,4
因为,4
西南财经大学,4
参考,4
中国人民大学,4
医科大学,4
服从,4
湖北,4
天津大学,4
之类,4
交大,4
传媒大学,4
华科,4
理工,4
政法,4
省份,4
金融类,4
回答,4
关注,4
停招,4
很少,4
这方面,4
超过,4
冷门,4
发布,4
外院,4
考取,4
大W,4
大陆,4
理工科,4
名气,4
外国,4
不如,4
何金鹏,4
基本,4
热门,4
两所,4
知名度,4
临时,4
招聘,4
同性恋,4
道德,4
中科大,4
超级计算机,4
天河,4
好像,3
医学系,3
工学院,3
看到,3
有点,3
中医药大学,3
金砖,3
信号,3
很难,3
竞赛,3
有用吗,3
土木工程,3
总分,3
领导,3
韩语,3
难易,3
文学类,3
差不多,3
新建,3
名字,3
财经,3
维纳斯,3
数字,3
机械,3
高数,3
地球科学,3
中山市,3
影响力,3
包括,3
民俗学,3
第七,3
初审,3
培训,3
教师,3
解释,3
先生,3
团队,3
博士生,3
印象,3
语言学,3
生化,3
刚刚,3
施工,3
地址,3
收费,3
自招,3
增加,3
护理学,3
讲解,3
我该,3
超级,3
感谢,3
书籍,3
助学金,3
日常,3
慎思,3
名单,3
食品,3
实在,3
合理,3
历史学,3
广州市,3
受欢迎,3
海洋,3
有机化学,3
笔译,3
一句,3
不到,3
法学专业,3
知识产权,3
更大,3
文学系,3
考察,3
秋白,3
现状,3
当年,3
复读生,3
如此,3
管科,3
咨询,3
其中,3
海外,3
深研院,3
感兴趣,3
对外经济贸易大学,3
退费,3
实习生,3
正确,3
即将,3
寒假,3
校方,3
多人,3
这件,3
课表,3
期末考,3
犹豫,3
考古,3
防治,3
考博,3
中华,3
录取线,3
平台,3
三大,3
商科,3
软院,3
心理系,3
门诊部,3
意思,3
最终,3
遇到,3
体育,3
专职,3
系列,3
辅导员,3
打印,3
做法,3
天琴,3
不高,3
就是,3
一半,3
公寓,3
专升本,3
实验,3
领域,3
全面,3
电子商务,3
我国,3
治疗学,3
利弊,3
学生宿舍,3
最后,3
药物,3
比赛,3
高分子,3
尤其,3
总体,3
产品,3
市场,3
院士,3
变为,3
肿瘤医院,3
别人,3
谈恋爱,3
具有,3
投放,3
一线,3
提升,3
概论,3
停电,3
突然,3
机器,3
大四,3
中科院,3
连续,3
中山医科大学,3
较大,3
实验室,3
质疑,3
家庭,3
英文,3
太高,3
指教,3
投资,3
团委,3
组织部,3
干事,3
处理,3
分校,3
比较文学,3
报告,3
后悔,3
注册,3
实现,3
侧重点,3
自习,3
平均,3
公选,3
重点,3
复习资料,3
女性,3
之前,3
形式,3
只招,3
科研人员,3
认识,3
光学,3
结果,3
途径,3
相差,3
告知,3
等等,3
做些,3
结束,3
翻院,3
山西,3
资格,3
对外经贸,3
人才培养,3
反对,3
社科,3
苏州,3
王牌,3
疑问,3
可是,3
应届,3
面临,3
东南,3
贵州,3
优劣势,3
财经类,3
男女比例,3
各路,3
广工,3
国商,3
回迁,3
差异,3
中医,3
各种,3
暂停,3
社工,3
改名,3
裁撤,3
所在,3
本科专业,3
转到,3
金融系,3
口译,3
高分,3
退学,3
生物化学,3
地理学,3
伦理学,3
大致,3
福建,3
成功率,3
物流,3
内地,3
录取分数,3
洋葱,3
人民大学,3
法学硕士,3
建立,3
造成,3
投票,3
工商,3
认证,3
应届生,3
题目,3
严重,3
举报,3
动物学,3
观点,3
生源,3
竞争力,3
引起,3
中大欠,3
安全感,3
情怀,3
一文,3
建筑,3
企管,3
澳门,3
信息科学,3
将来,3
社会科学,3
重庆,3
校训,3
巨无霸,3
培训班,3
更名,3
念书,3
李淼,3
从中,3
有什N,3
开放,3
补贴,3
学生会,3
人考,3
中专生,3
阶段,3
绑架,3
一枚,3
地位,3
二号,3
保密,3
演讲,3
分流,3
癌细胞,3
化学系,2
去年,2
医学院校,2
积累,2
大法,2
广州地区,2
汉硕,2
委会,2
班长,2
联系方式,2
护理系,2
英专,2
华五,2
垫底,2
方法,2
高不高,2
批评,2
在读,2
何时,2
博导,2
外省,2
珠海市,2
共有,2
高二下,2
歌手,2
据说,2
允许,2
旁听,2
环境工程,2
副研究员,2
商业,2
整个,2
建制,2
x,2
前十,2
政策,2
坐标,2
名声,2
经济系,2
航空航天,2
学制,2
一直,2
近年,2
机构,2
湘雅,2
学渣,2
特点,2
有过,2
几家,2
竞争,2
男女,2
有个,2
孩子,2
带来,2
新型,2
华师,2
西南财大,2
何晓顺,2
何种,2
专业本科,2
水生,2
急求,2
软工,2
版本,2
改建,2
大约,2
方案,2
马哲,2
药理学,2
宿舍楼,2
护士,2
工资待遇,2
集成电路,2
考中,2
双非,2
法语,2
学士学位,2
题型,2
分配,2
跨校,2
十分,2
好找,2
花都,2
粤港澳,2
海南大学,2
营养,2
功耗,2
更加,2
简历,2
高一,2
西方哲学,2
中大转,2
年考,2
做到,2
研招,2
错过,2
小伙伴,2
消息,2
何去何从,2
佛山,2
学霸,2
大不大,2
教务处,2
一类,2
学风,2
英国,2
工商管理学,2
理工大学,2
维权,2
新疆,2
东南亚,2
真心,2
急急,2
专选,2
光电,2
国金,2
阅读,2
本书,2
四姑娘山,2
遇难,2
取得,2
标准,2
编程,2
男友,2
信工,2
营销,2
中南,2
整体,2
不用,2
内网,2
大专,2
拿药,2
读医,2
理解,2
哪种,2
采访,2
第五,2
日语系,2
性骚扰,2
建议信,2
限定,2
可不可以,2
家长,2
代替,2
三天,2
优生,2
优培,2
近日,2
论坛,2
近年来,2
期末考试,2
集中,2
想法,2
雅思,2
一份,2
其它,2
语种,2
散打,2
训练,2
一对,2
三跨,2
一家,2
老板,2
助理,2
人类学系,2
甚至,2
在校生,2
提交,2
贡献,2
十大,2
之一,2
物院,2
信息学,2
似乎,2
审核,2
认为,2
自学,2
深刻,2
制度,2
话题,2
棒球,2
考法,2
人工智能,2
铜像,2
智能,2
教学质量,2
计院,2
纪中,2
华南地区,2
最高,2
学府,2
类型,2
数据挖掘,2
外卖,2
协和,2
究竟,2
背书,2
地点,2
括号,2
二外,2
五年制,2
战争,2
医学类,2
情侣,2
疑似,2
作弊,2
管理系统,2
教学楼,2
收入,2
澳门大学,2
邮局,2
开课,2
移动,2
模拟,2
补助,2
办法,2
群体,2
客户,2
中大有,2
酒店,2
红楼,2
讨厌,2
认同感,2
中有,2
国外,2
看病,2
传授,2
听力,2
言语,2
知友,2
禁止,2
互黑,2
科室,2
主任,2
哪些方面,2
分能,2
民族,2
文章,2
改成,2
游览,2
专插本,2
记忆,2
健身房,2
强制,2
待遇,2
背景,2
多高,2
校运会,2
四天,2
校庆,2
公开,2
有意思,2
肿瘤,2
体育训练,2
停水,2
分析,2
周末,2
关闭,2
教室,2
计科,2
语文,2
崛起,2
材料科学,2
全是,2
基础设施,2
读法,2
可行,2
证书,2
明年,2
军训,2
公平性,2
优先,2
不了,2
双胞胎,2
本法,2
缩小,2
中坚,2
九校,2
规模,2
父母,2
新出,2
浪费,2
定位,2
考古学,2
领军,2
下载,2
以前,2
气象学,2
宾馆,2
档次,2
区域规划,2
承认,2
讨论,2
会计师,2
家里,2
国学,2
多天,2
成功经验,2
彩虹,2
民族学,2
香港理工大学,2
反转,2
分班,2
名牌大学,2
信息系统,2
晕倒,2
来看,2
奋斗,2
可报,2
经管类,2
苏州大学,2
大型,2
通信,2
山东省,2
保证,2
不再,2
薪水,2
福建人,2
贸易,2
大人,2
韩国,2
古文字,2
帮帮忙,2
失利,2
力量,2
现高二,2
对外开放,2
分去,2
同意,2
还会,2
月份,2
一班,2
体系,2
举办,2
开展,2
报道,2
选中,2
想往,2
心仪,2
报中大,2
女友,2
安置,2
想报,2
直接,2
排位,2
出省,2
取舍,2
山上,2
帮忙,2
翻硕,2
湖南,2
传播学院,2
填志愿,2
低分,2
统一,2
开办,2
大英,2
及其,2
银行,2
要学,2
稳妥,2
大类,2
数理,2
实验班,2
尴尬,2
临八,2
大厦,2
名称,2
西交,2
文史哲,2
暨南,2
冲突,2
上海交通大学,2
香港大学,2
或是,2
听听,2
品牌,2
有些,2
倾向,2
接近,2
华南农业大学,2
西安交通大学,2
电路,2
不招,2
美术,2
德语,2
东西,2
拥有,2
信息工程,2
精英,2
方便,2
十年,2
药分,2
文革,2
正式,2
保研生,2
得到,2
电子科技,2
自我,2
文凭,2
政治学,2
小时,2
原本,2
那样,2
明天,2
两年,2
美女,2
朱熹,2
差生,2
医学专业,2
我想考,2
错误,2
人文学院,2
图书馆学,2
考到,2
免试,2
碾压,2
分院,2
去向,2
单招,2
求有,2
陈寅恪,2
心态,2
不为人知,2
考学,2
停办,2
接触,2
华中师范大学,2
大一上,2
更高,2
湖大,2
学业,2
相互,2
优劣,2
有木有,2
人文,2
院有,2
人数,2
职业,2
第二,2
审计,2
较强,2
住宿,2
分为,2
湖南大学,2
高等,2
考不上,2
收不收,2
级别,2
四大,2
高级,2
经理,2
广东外语外贸大学,2
宣传,2
心理学系,2
放在,2
网络工程,2
康乐园,2
外语类,2
两校,2
巨大,2
冬天,2
游泳,2
日本,2
法医,2
任教,2
学界,2
张志安,2
一哥,2
办理,2
龙舟队,2
低于,2
内部,2
校园卡,2
刷屏,2
两位,2
中大中,2
法核,2
可选,2
科哲,2
意义,2
副校长,2
会议,2
价值观,2
任江涛,2
年级,2
自由,2
给予,2
景洪,2
轻松,2
男神,2
文化,2
他人,2
再次,2
力压,2
建筑学,2
价值,2
转出,2
二者,2
五年,2
读完,2
美国,2
测试中心,2
排班,2
游玩,2
假期,2
拆除,2
转入,2
该修,2
腾讯,2
岗位,2
考进,2
人生,2
华东政法,2
哲学史,2
二流,2
级易谊平,2
风险,2
自动化,2
选修课,2
好处,2
港中大,2
大多数,2
新闻学,2
保卫,2
修鞋摊,2
三年,2
改变,2
相对,2
法本,2
拆迁,2
同根,2
同源,2
前者,2
女神,2
来自,2
当初,2
毫无,2
一条,2
坚持,2
各大,2
卫生,2
城市规划,2
大小,2
几乎,2
现当代,2
电商,2
读博,2
第一次,2
起来,2
年薪,2
网友,2
最大,2
网管,2
说法,2
社会史,2
较为,2
强大,2
维护,2
权益,2
起诉,2
教育部,2
打人,2
李思涯,2
合法,2
解聘,2
课本,2
学者,2
穿越,2
充分,2
半年,2
多久,2
梦想,2
当学渣,2
看不起,2
学位证,2
评论,2
交易,2
昆虫,2
意见,2
此次,2
频繁,2
整合,2
往届,2
出版社,2
吉林大学,2
鼓励,2
高等教育,2
后果,2
小王子,2
华农,2
请往,2
I,2
所用,2
实际,2
薪资,2
课程表,2
北门,2
运作,2
区域,2
月饼,2
实名,2
吊打,2
网速,2
身为,2
上学,2
水文,2
水资源,2
持续,2
盛行,2
隐私,2
威胁,2
老婆,2
信科院,2
大纲,2
落后,2
吉祥物,2
出名,2
出柜,2
中大想,2
具备,2
本科学历,2
正统,2
组织,2
就读于,2
体现,2
卡耐基,2
总裁班,2
长三角,2
男人,2
形势,2
体测,2
哪些地方,2
研发,2
采用,2
单位,2
影视,2
声誉,2
鬼故事,2
颜光美,2
天然,2
高性能,2
眼科医院,2
雇主,2
眼中,2
全院,2
神学,2
非技术,2
商专,1
第二年,1
必须,1
只是,1
选拔,1
确认,1
生物学系,1
走读,1
解散,1
解体,1
实践,1
资产,1
为期,1
较长,1
以便,1
为考,1
主席,1
佟彦霖,1
校青协,1
不可思议,1
学硕中,1
难以,1
外应,1
用书,1
房子,1
新开设,1
分提,1
做过,1
赵萌组,1
巨核细胞,1
调控,1
造血,1
干细胞,1
新机制,1
王宁,1
师生恋,1
人力,1
资源管理,1
思源,1
人文科学,1
分成,1
直属,1
移除,1
以此,1
为耻,1
江西省,1
三校生,1
提出,1
延毕率,1
不满,1
英语翻译,1
女包,1
对口,1
将建,1
产权,1
首期,1
过去,1
拼命,1
转翻院,1
美术专业,1
沈鸿,1
很坑,1
外校学生,1
土博,1
非典,1
搬迁,1
管理部,1
快速,1
熟悉,1
细分,1
这些,1
位于,1
文学院,1
脱离,1
籍,1
形成,1
一,1
知R,1
w系,1
统管,1
猎艳,1
后花园,1
网文,1
指数,1
维度,1
后十,1
看见,1
有书,1
出版,1
求带,1
本科课程,1
仅过,1
择优,1
考川大,1
不让,1
小榄,1
大幅,1
减少,1
秋季,1
新增,1
哥哥,1
小姐姐,1
留言,1
医院院长,1
裕隆,1
本土,1
不火,1
略显,1
颓势,1
研求,1
脱颖而出,1
侧重,1
技巧,1
航院,1
家乡,1
编制,1
上映,1
西北,1
风云,1
犯罪,1
嫌疑人,1
设定,1
过来人,1
周燕,1
梁平,1
孰高,1
楼市,1
爱情故事,1
传闻,1
深圳特区,1
新开,1
筹划,1
激烈,1
转化,1
单率,1
是因为,1
政务院,1
对小谷围,1
强拆,1
一岁,1
电信,1
学工办,1
甘肃,1
突破,1
有望,1
止疼,1
疗法,1
长安,1
科研型,1
今年年底,1
地土,1
市交劳,1
技政,1
特征,1
啊啊啊,1
非英,1
四八,1
档案,1
党支书,1
黄泽嘉,1
基础医学,1
生理,1
病理,1
病生,1
一版,1
变成,1
工地,1
文新杯,1
南师,1
考去,1
非金融,1
考要,1
党委书记,1
任心廉,1
逝世,1
罗筠筠,1
章程,1
徐瑞华,1
晚期,1
肠癌,1
化疗,1
带路,1
垃圾场,1
李军,1
更具,1
附院,1
合同制,1
测绘,1
美特,1
滥竽充数,1
南邮,1
通工,1
值得注意,1
篮球,1
系队,1
队训,1
太少,1
慎一慎,1
二慎,1
三慎,1
化学工程,1
工艺,1
试试,1
西安电子科技大学,1
派系,1
斗争,1
吴派,1
独大,1
超难,1
可信度,1
能耗,1
河南人,1
免修,1
英语课,1
丢书,1
罗文,1
第六,1
深夜,1
扰民,1
校本部,1
停车费,1
上涨,1
语数英,1
海燕,1
川妹子,1
二级,1
考中哲,1
值不值,1
中南大学,1
浙江省,1
下想,1
迁往,1
指标,1
打电话,1
万年,1
不接,1
描述,1
江明,1
九十,1
几天,1
天天,1
好受,1
尚可,1
冲刺,1
步入,1
提议,1
女博士,1
主干课程,1
流病,1
团学,1
主题,1
职位,1
当时,1
院内,1
指纹,1
签到,1
看重,1
英语口语,1
查询,1
斯柯达,1
列为,1
学一,1
学五,1
无学二,1
俄语,1
仅剩,1
南洋,1
小兵,1
现已,1
三月份,1
部落,1
对常公,1
两极分化,1
撤销,1
纪念品,1
硕大,1
暂时,1
金专,1
制定,1
最破,1
缩招,1
自豪,1
年均,1
黄某,1
攀登,1
角色,1
回国,1
教职,1
判断,1
林斌,1
为时尚早,1
名中,1
玄武峰,1
心寒,1
纵观,1
趋势,1
没出,1
啥时候,1
空谈,1
涉农,1
完病,1
很快,1
从小,1
立志,1
外科医生,1
想选,1
外科,1
转数,1
文博,1
太冷,1
受不了,1
取暖,1
医病,1
医身,1
医心,1
救人,1
救国,1
救世,1
对联,1
内科主任,1
李娟,1
今天,1
交班,1
男医生,1
发抖,1
考得,1
以至于,1
规培,1
研学,1
拍摄,1
计算机技术,1
成本,1
专插,1
本齐,1
何许人也,1
备战,1
阴超,1
灵魂,1
英语系,1
拒收,1
误诊,1
爸爸,1
交通信号,1
优化,1
寿命,1
春节,1
按规定,1
只放,1
导游,1
横穿,1
动工,1
插队,1
化工,1
高额,1
高二上,1
提分,1
救护车,1
物理题,1
图像,1
需知,1
格式,1
面对,1
问责,1
晕厥,1
林冲,1
周设,1
第二十,1
用于,1
课时,1
连考,1
七八天,1
中日,1
盟约,1
江颖,1
学科专业,1
招生简章,1
标明,1
不考,1
羽毛球,1
春节假期,1
前途,1
指定,1
周三,1
罗宾斯,1
接到,1
第三,1
堪忧,1
中小板,1
不太,1
分科,1
学文,1
班里,1
更惨,1
分不高,1
不差,1
正面,1
独处,1
生考,1
年度,1
人物,1
高旭,1
林国淙,1
以回,1
教书,1
前提,1
财大,1
税务,1
财会,1
水利工程,1
木斋,1
英语老师,1
蓝燕,1
简单,1
末流,1
财经大学,1
华商,1
新教,1
通宵,1
武汉市,1
如今,1
衰落,1
返校,1
歌颂,1
争取,1
卢蓉割,1
双眼皮,1
陈小武,1
拍照,1
风景园林,1
新年贺词,1
西政,1
能为,1
纷争,1
教学评估,1
加州,1
搬回,1
第四轮,1
静脉,1
滤器,1
丹麦,1
库克,1
需不需要,1
体内,1
屁大,1
点事,1
发知乎,1
大战,1
闲置,1
小心,1
一科,1
儿科学,1
一战,1
宿舍区,1
建筑工地,1
联播,1
永芳堂,1
拆卸,1
十八,1
先贤,1
仿真,1
输出,1
红线,1
沙滩排球,1
一级,1
运动员,1
流程,1
制热,1
白内障,1
算是,1
行政区,1
双证,1
考试内容,1
男篮,1
打进,1
四校,1
总决赛,1
冠军赛,1
英美,1
乃至,1
寸金,1
寸土,1
点滴,1
篮球场,1
多媒体技术,1
实战,1
隔三差五,1
实行,1
路在何方,1
服务态度,1
外语,1
这一科,1
后面,1
标着,1
看来,1
西医,1
医和,1
湘大,1
跨度,1
大嘛,1
爆发,1
称霸,1
何素敏,1
奇怪,1
诡异,1
匪夷所思,1
有要,1
至少,1
分才,1
辩论,1
强校,1
世锦赛,1
买药,1
纳入,1
学生上课,1
施俊琦,1
吉大,1
为什,1
缓慢,1
珠峰,1
旗云上,1
风力,1
邓宇斌,1
林港,1
就业率,1
海峰,1
文印店,1
签订,1
合同,1
业务,1
所以,1
勒令,1
不得,1
美学,1
搜狐,1
大使,1
招募,1
不来,1
获胜,1
网易,1
法庭,1
淘汰制,1
原则,1
科学研究,1
工程项目,1
特定,1
陕西省,1
四六级,1
扩建,1
设计方案,1
面积,1
昆明,1
优质,1
服装,1
一套,1
启动,1
缺乏,1
信任,1
中大里,1
偏少,1
租住,1
高二党,1
运气,1
好进,1
建造,1
临时性,1
吴朝,1
终身制,1
考核,1
法律事务,1
考验,1
所有人,1
清书,1
精液,1
测定,1
观察,1
本质,1
对应,1
思维,1
尽可能,1
制药,1
病人,1
养病,1
突出,1
难处,1
不胜感激,1
嵌体,1
底气,1
临高,1
启明,1
常凯,1
申是,1
常凯申,1
该读,1
文摘,1
结石,1
便宜,1
格格不入,1
设备,1
损坏,1
迟迟,1
更新,1
复办,1
药事,1
指明,1
劲松,1
班级,1
间歇性,1
断网,1
无线网络,1
隔壁,1
血液,1
内科,1
压抑,1
某个,1
更是,1
侮辱,1
把握,1
政府,1
战略,1
势态,1
机遇,1
考区,1
编导,1
艺考,1
政治经济学,1
僵化,1
解读,1
刘小枫,1
儒教,1
一篇,1
透风,1
大部分,1
仍为,1
猪婆,1
山猪,1
公山,1
勇气,1
毅力,1
何峰,1
四季,1
自助餐,1
创业,1
户籍,1
追求,1
牙科医生,1
庞杂,1
九科,1
联考,1
评为,1
各学科,1
弱科,1
时段,1
软科,1
深大低,1
附图,1
售卖,1
实用性,1
免责,1
申明,1
读博是,1
降到,1
防止,1
不知不觉,1
随波逐流,1
安徽省,1
妈妈,1
高度,1
讲座,1
铁道部,1
北京外国语大学,1
核医学,1
伪装成,1
本次,1
诺贝尔物理学奖,1
授予,1
引力波,1
三人,1
无缘,1
此奖,1
有学研,1
广告,1
校徽,1
修课,1
航空公司,1
哪本,1
林加良,1
周宇轩,1
一搏,1
终上,1
中央,1
名族,1
苏琦,1
男生宿舍,1
以来,1
屡次,1
丰岩,1
世界史,1
这三所,1
三餐,1
自习室,1
早上,1
睁眼,1
冲到,1
搬书,1
麻烦,1
这位,1
高效,1
近两年,1
增长势头,1
系主任,1
刘志扬,1
来头,1
落选,1
保研本,1
犹疑不决,1
院软,1
工专,1
大班,1
游记,1
做成,1
图片,1
名牌,1
西北工业大学,1
单眼,1
视力,1
能当,1
无法,1
级新生,1
多日,1
多次,1
收操,1
延迟,1
求原,1
托起,1
太阳,1
喝酒,1
致死,1
冰点,1
特稿,1
喝下,1
杯酒,1
一片,1
加油,1
声中,1
走向,1
死亡,1
邱岳安,1
年龄,1
发文,1
删帖,1
对外汉语,1
吴向军,1
出台,1
休学,1
创业者,1
课程内容,1
忍受,1
偷拍,1
女生宿舍,1
奖助金,1
评定,1
廖星,1
廖昱,1
支教,1
许多,1
设施,1
中九之首,1
矛盾,1
断绝,1
来源,1
逼迫,1
流浪,1
街头,1
差点,1
饿死,1
惨剧,1
寻求,1
曹效阳,1
江门,1
中港,1
年底,1
担心,1
冯剑琳,1
数据库,1
一课,1
目的,1
每周,1
打卡,1
考勤,1
会考,1
指引,1
开学典礼,1
上罗俊,1
发言,1
比起,1
台风,1
过后,1
利用,1
骡子,1
落叶,1
措施,1
经常,1
最牛,1
表示,1
上任,1
建树,1
设立,1
户外运动,1
多个,1
探险,1
专科毕业,1
有余,1
福建省,1
本博,1
好看,1
学历,1
走进,1
调研,1
高中物理,1
好难,1
完一题,1
一题,1
高中化学,1
一般般,1
会展经济,1
年间,1
吴丹,1
书记,1
学硕有,1
经院,1
外籍华人,1
录取率,1
交换机,1
那里,1
中考,1
小朋友,1
前想,1
外人,1
卫生间,1
中大南校,1
整建,1
般的,1
两百多,1
干什么,1
多分,1
工程学,1
办学,1
买房子,1
焦虑,1
物理化学,1
明确,1
考了,1
学术性,1
执业,1
医师,1
首例,1
断血流,1
肝移植,1
小组,1
双双,1
胆汁酸,1
高达,1
每月,1
生活费,1
旅管,1
欧美,1
烧猪,1
荷兰豆,1
华民,1
神,1
王之栋,1
成绩表,1
一件,1
事来,1
态度,1
奥秘,1
泛滥,1
县一中,1
招聘广告,1
提到,1
身体健康,1
牛人,1
随便,1
告诉,1
好闷,1
转移,1
通风,1
三五分钟,1
没事,1
疾病,1
米粉,1
转国金,1
一以,1
走下坡路,1
考好,1
报读,1
英语考试,1
浙科,1
非引战,1
临床试验,1
药科,1
从大一,1
难易度,1
转后,1
高材生,1
负荷,1
承受不住,1
自杀,1
有利于,1
完后,1
预习,1
侨校,1
滑铁卢,1
生活习惯,1
适应,1
德语系,1
提档分,1
暴跌,1
法学系,1
数院,1
各省,1
自称,1
首选,1
停下来,1
答疑,1
解惑,1
感激不尽,1
投档,1
所招,1
退到,1
八千,1
文字学,1
抱歉,1
加上,1
本来,1
创办,1
年分,1
开业,1
中大科哲,1
提醒,1
普遍,1
才华,1
美貌,1
一身,1
亏了,1
二院,1
哪儿,1
欧阳,1
评教,1
多届,1
诗词,1
原信,1
科院,1
钱宁,1
自我介绍,1
闻一多,1
国家级,1
基地,1
师哥,1
控线,1
中大去,1
年学,1
家人,1
展示,1
哪读,1
创新,1
班选,1
高考状元,1
登高,1
提条件,1
一同,1
冒充,1
兴趣,1
爱好文学,1
想当,1
沾边,1
药剂,1
平常,1
下面,1
已过,1
降分,1
裸分,1
合九,1
理科状元,1
区别对待,1
去华,1
财中,1
回应,1
最具,1
想冲,1
一冲,1
科都,1
比华科,1
说同,1
层次,1
小区,1
分差,1
大大,1
留粤,1
北京理工大学,1
能进,1
中学生,1
平等,1
稳过,1
英语水平,1
测试,1
位次,1
冲一冲,1
名有,1
谈谈,1
审计学,1
有临,1
中传,1
哈尔滨工业大学,1
五家,1
排个序,1
检查,1
合格,1
退档,1
退出,1
从商,1
商业活动,1
导向,1
去央,1
财上,1
单科,1
强势,1
读会,1
潍坊,1
人宜,1
比如说,1
着重,1
临五和华科,1
更优,1
华东理工,1
北京邮电大学,1
贸大中,1
三者,1
厦门,1
时未,1
看清,1
误入,1
香港城市大学,1
压线,1
境地,1
被误,1
称作,1
上纽,1
上外,1
央财中,1
年制,1
沿海,1
唯独,1
只能,1
新加坡,1
行医,1
普通高中,1
表在,1
百分,1
卫生学,1
高四,1
这座,1
小有名气,1
明显,1
混乱,1
很差,1
不报,1
题主是,1
种种,1
新政,1
小众,1
人力资源,1
想着,1
日后,1
广东地区,1
考纲,1
具体情况,1
执念,1
东北大学,1
极有,1
出尔反尔,1
不问,1
民意,1
首届,1
全部,1
强行,1
搬往,1
而论,1
华东师范,1
建平,1
服装设计,1
跆拳道,1
示范,1
团是,1
生么,1
中医学,1
个人特长,1
却领,1
学到,1
社会保障,1
该要,1
打基础,1
肚皮,1
长瘤,1
耽误,1
治疗,1
国际关系学院,1
统考,1
另设,1
思想,1
代珊珊,1
求救,1
组建,1
强生,1
宝洁,1
研究员,1
比进,1
华大,1
紫是,1
首创,1
电梯,1
永远,1
只为,1
课行,1
描写,1
文革时期,1
作品,1
于余华,1
活着,1
冯骥才,1
一百个,1
微经,1
延缓,1
阶层,1
固化,1
速度,1
考研网,1
一年一度,1
意外,1
论文,1
比对库,1
收录,1
称呼,1
孙先生,1
叫法,1
孙文,1
孙逸仙,1
我来,1
愿意,1
接收,1
两地,1
相同,1
明星,1
林志炫,1
光良,1
萧敬腾,1
袁娅维,1
林志颖,1
视频,1
祝福,1
再生,1
南信,1
气象,1
强化,1
大量,1
洗地,1
知名,1
摇滚,1
少女,1
吉他手,1
姜姜,1
上海第二军医大学,1
令人,1
陈述,1
激情,1
进军,1
动员,1
这首,1
钟晓青,1
乐团,1
入围,1
创行,1
创形,1
野鸡,1
日中大,1
之内,1
岩土,1
迁回,1
中珠会空,1
不翼而飞,1
清洁,1
阿姨,1
停止,1
陆续,1
梅陇,1
合作项目,1
喊停,1
六个月,1
大化,1
香港浸会大学,1
丘成桐,1
数目,1
华东师大,1
建校,1
几科,1
各科,1
邮箱,1
迷妹,1
非中大,1
员工,1
三生,1
植物学,1
强调,1
难题,1
人得,1
民间文学,1
小弟,1
茫然,1
攻略,1
跪谢,1
本地人,1
外市,1
是非,1
学生证,1
新任,1
朱菁,1
类有,1
星巴克,1
选修,1
说选,1
学习班,1
老一辈,1
说起,1
靠拢,1
素养,1
四百,1
重视,1
相对来说,1
山西省,1
限外,1
重本,1
封闭,1
举措,1
一准,1
已出,1
搜集,1
变化很大,1
亲历者,1
国际法,1
玄乎,1
微生物学,1
评测,1
能修,1
七十,1
回家,1
确定,1
生存,1
下去,1
报自,1
命题,1
徐长福,1
异质性,1
招不招,1
餐厅,1
应用化学,1
三下,1
住院医师,1
规范化,1
入培,1
制有,1
成熟,1
确有,1
其实,1
现是,1
疑惑,1
也好,1
纪庆革,1
国贸系,1
营销学,1
建安,1
成就感,1
回忆,1
心情,1
最深,1
粤语,1
普通话,1
民间,1
爱好者,1
是否是,1
盲目,1
吹捧,1
文物,1
博物馆学,1
辅导班,1
总部,1
认真,1
哪里找,1
笼统,1
近几年,1
旧版,1
决策,1
做出,1
课堂教学,1
不准,1
教职人员,1
处境,1
艺术设计,1
交通运输,1
拆分,1
教育学,1
人住,1
求中,1
大艺考,1
可供参考,1
学期成绩,1
雷传平,1
老师上课,1
湖南师范大学,1
考央财,1
两者,1
定为,1
好几个,1
心理准备,1
收购,1
生物工程,1
在校,1
有公,1
派出国,1
就要,1
然而,1
疯狂,1
打机,1
六月份,1
咋办,1
回来,1
马克思主义,1
注意事项,1
诚请,1
师生,1
予以,1
回复,1
留个,1
优缺点,1
考管院,1
任荣伟,1
商场,1
哪一点,1
古代史,1
从考研,1
待定,1
财管,1
意向,1
可行性,1
评介,1
东莞,1
惠州,1
辐射,1
作用,1
杨华,1
李先生,1
祝您,1
早日,1
破处,1
贵校,1
游客,1
一等奖,1
年收入,1
全掉,1
侯雪莹,1
封号,1
遵守,1
构成,1
违约,1
现稳,1
没想,1
上海社科院,1
中国社科院,1
整合营销,1
崔国峰,1
创立,1
经济法,1
漫画,1
亲戚,1
南医,1
恳求,1
新一轮,1
文学作品,1
北京大学哲学系,1
保送生,1
原先,1
仅仅只是,1
A中,1
xt,1
哪,1
重庆大学,1
一群,1
冲击,1
高手,1
夏天,1
立冬,1
下水,1
大学美术,1
一读,1
奔跑,1
理工大,1
高水平,1
不买,1
骂人,1
境遇,1
上海医学院,1
发展潜力,1
该报,1
想将来,1
麻醉,1
收双非,1
小超人,1
点拨,1
医用,1
期中,1
退宿,1
手续,1
很小,1
讲师,1
瞿俊雄,1
格差,1
想交,1
穿着,1
贫困生,1
无果,1
曝光,1
三高,1
我选,1
经统,1
一只,1
宠物狗,1
一起,1
有考,1
公务员,1
华夏,1
乌杰,1
李安勇,1
考清北,1
深化,1
教学改革,1
若干意见,1
足球比赛,1
受伤,1
主办方,1
责任,1
校园内,1
遭受,1
公平,1
对待,1
嘀嘀,1
华理,1
高等学府,1
劣质,1
涌入,1
确保,1
力学,1
出过,1
企业家,1
名人,1
好几十个,1
二十,1
来个,1
团总支,1
生物医学,1
云南,1
民商法,1
某某,1
失联,1
朋友圈,1
徐峻,1
青岛,1
大为,1
哪句,1
军转,1
科大,1
人脉,1
理学,1
预计,1
趣闻,1
级国金,1
管理条例,1
这几年来,1
水课,1
投档分,1
下选,1
压低,1
大气,1
地球,1
科学系,1
韦慧晓,1
宝典,1
出任,1
大学校长,1
牵头,1
周晓聪,1
篇文章,1
流传,1
原理,1
博弈论,1
该选,1
恐吓,1
隐藏,1
事实,1
随着,1
北理,1
莫斯科,1
中国科学院,1
卢伟,1
郑伟诗,1
人品,1
第八,1
券商,1
以内,1
文理科,1
分列,1
那次,1
事务所,1
尖子,1
一幅,1
刘一民,1
大师,1
自由度,1
独立精神,1
学士,1
建筑行业,1
甲方,1
辞职,1
夸考,1
梁琦,1
想改,1
商务英语,1
寄信,1
国贸,1
不好意思,1
信捏,1
会展,1
外地,1
你好,1
准高二,1
朝鲜,1
语系,1
电脑,1
袁文娟,1
国家自然科学基金,1
立项,1
排行榜,1
中大上,1
中华文明,1
核心,1
流变,1
传统,1
校花,1
周边,1
美食,1
掉队,1
除清北,1
浙南,1
科外,1
电气,1
饭菜,1
研友,1
临床学,1
读硕博,1
平时成绩,1
景点,1
艺术类,1
量化,1
居然,1
眼镜店,1
洗衣房,1
修车铺,1
种上,1
以外,1
北京大学医学部,1
远远,1
高于,1
新加坡国立大学,1
确实,1
糟糕,1
暑期,1
极个别,1
奴性,1
学有,1
动画,1
艺科,1
卷商,1
投行,1
七年,1
读过,1
查不到,1
单车,1
未录,1
瞬间,1
暗淡,1
废除,1
长达,1
北京体育大学,1
推到,1
学区,1
追问,1
分布,1
图情,1
师有,1
职业病,1
霉菌,1
过敏性,1
鼻炎,1
类转,1
某些,1
失误,1
补救,1
地信,1
招学硕,1
海南,1
在线,1
模式识别,1
华中科技,1
坐等,1
中大挂,1
专必,1
成绩单,1
显示,1
对绩,1
课余,1
三流,1
江西人,1
不强,1
想学临,1
此题,1
中大深,1
国防生,1
生好,1
利物浦,1
陷入,1
之中,1
南理工,1
那家强,1
填写,1
想修,1
第一二,1
学年,1
必修课,1
学分,1
点数,1
安徽,1
几率,1
放榜,1
车辆,1
高中毕业,1
姑娘,1
华北,1
安泰,1
有着,1
莫名,1
离别,1
伤感,1
答复,1
仁兄,1
能读,1
相当,1
招生人数,1
限时,1
香港科技大学,1
四年制,1
人声鼎沸,1
非去不可,1
一座,1
百年,1
消失,1
略微,1
性质,1
大规模,1
听到,1
图形学,1
退步,1
后者,1
进步,1
考华科,1
研好,1
稳定,1
发挥,1
纹身,1
完该,1
一天天,1
通常,1
交汇,1
全英文,1
同性,1
另一半,1
社科类,1
饭堂,1
有效期,1
商铺,1
迁出,1
唯一,1
书报亭,1
反响,1
大西,1
不靠,1
山川,1
吉中,1
路子,1
一杯,1
牛奶,1
半杯,1
群里,1
贬低,1
中国大学,1
这番,1
粤语版,1
生活必需,1
修车,1
存有,1
偏见,1
刷掉,1
月底,1
重本线,1
专做,1
假新闻,1
兴建,1
预见,1
衰败,1
太阳能,1
没考上,1
土建类,1
应标,1
相似,1
若干个,1
钟南山,1
就职,1
孙逸仙纪念医院,1
张惠忠,1
金钱,1
美容,1
浪遍,1
肖瑜,1
一期,1
单从,1
底层,1
多半,1
地下,1
总有,1
误以为,1
做个,1
纪念,1
普通高校,1
流行病学,1
流行病,1
题写,1
原迹,1
定向招生,1
甲状腺,1
癌症,1
每花,1
社交,1
网站,1
精力,1
主业,1
华南师大,1
双证班,1
伙伴,1
有多远,1
黄港桐,1
检验科,1
读博好,1
社是,1
回事,1
充分利用,1
中国政法大学,1
法律系,1
天堂,1
前世,1
今生,1
杂事,1
哪类,1
近些年来,1
恐慌,1
说要,1
最新,1
信息库,1
发掘,1
时会,1
传媒,1
请求,1
以下,1
试题,1
多谢,1
理性分析,1
北海道,1
全奖,1
免疫学,1
天内,1
广西大学,1
到达,1
跨生,1
一二,1
新人,1
大一末,1
小白,1
还招,1
知情,1
不吝,1
获取,1
进度,1
无题,1
散热,1
百万,1
航母,1
女军官,1
考考,1
上去,1
保险,1
奠基,1
风行,1
标配,1
全包,1
可否,1
结局,1
郑子彬,1
井力,1
事迹,1
众筹,1
蚊子,1
工厂,1
胡亦,1
真是,1
退役,1
士兵,1
大山,1
偏文,1
健身,1
依君,1
快题,1
在于,1
期刊,1
黑名单,1
城规,1
地理信息,1
比中大,1
公必课,1
有志于,1
晚清,1
春季,1
占江,1
教导,1
同一个,1
澳洲,1
牙科,1
具体方法,1
生选考,1
科系,1
飞跃,1
手册,1
北上,1
大都,1
应选,1
师弟,1
较之,1
跟进,1
积极,1
两人,1
就餐,1
脑残,1
游戏,1
生药学,1
统招,1
考西政,1
司考,1
考本,1
勾搭,1
大数,1
妹纸,1
左派,1
韩德强,1
中大甘阳,1
两件事,1
异同,1
主角,1
被判,1
行政拘留,1
成都,1
能行,1
针对,1
地铁站,1
距离,1
新浪,1
云上,1
写个,1
外网,1
访问,1
服务器,1
墨尔本大学,1
青教,1
青年教师,1
难转,1
书作,1
深度,1
卓越,1
经理人,1
研修班,1
独具一格,1
不觉,1
杨德,1
没听说过,1
不过,1
争端,1
自封,1
劝甘阳,1
莫处,1
火上,1
退避,1
解嫌,1
风度,1
部将,1
两种,1
穿过,1
理由,1
神奇,1
无端,1
重新,1
划定,1
遥感,1
伙食,1
公知们,1
打人者,1
叫好,1
武警,1
选培办,1
管明华,1
隐微,1
甘院,1
倍受,1
P注,1
F象,1
看中,1
青椒,1
地质,1
耳光,1
很想,1
海关,1
清关,1
进批布,1
当场,1
全款,1
验货,1
给钱,1
批发市场,1
达成,1
还要,1
完成,1
但选,1
进退两难,1
硬伤,1
学位证书,1
点名,1
翻唱,1
山南,1
综合性,1
里会,1
多年,1
找对象,1
单独,1
杨中汉,1
华辩,1
赛区,1
决赛,1
器官,1
当今,1
应不应该,1
林森,1
成长,1
反映,1
不足,1
副部级,1
高校教师,1
奇低,1
免去,1
任务,1
南海,1
两块,1
地是,1
怎么回事,1
国土资源,1
委员会,1
控规,1
修改,1
征询,1
公示,1
国际贸易,1
外交学院,1
三家,1
六年制,1
座谈会,1
考前,1
这门,1
不合理,1
考证,1
参天大树,1
认可,1
诚心,1
肖贤彬,1
大管院,1
看看,1
数量,1
大牛,1
一次,1
想保,1
研到,1
纪检,1
新国辩,1
固定,1
评委,1
黄先生,1
判准,1
毫不动摇,1
广州某,1
园里,1
人员,1
岑湛标,1
拓扑,1
东区,1
几路,1
它们,1
攻读,1
硬是,1
都行,1
硬件,1
反超,1
山东人,1
前中大,1
徐信忠,1
四所,1
一间,1
优势互补,1
联邦制,1
科学技术,1
对考,1
父亲,1
振作,1
德堡,1
相似之处,1
步骤,1
邮件,1
后果自负,1
专属,1
福利,1
免费,1
看展,1
这次,1
演变成,1
荣誉,1
之战,1
多有,1
校招,1
科恩,1
IB,1
怎N,1
威海,1
帮帮我,1
下课铃,1
声是,1
怎都,1
教科书,1
我些,1
离家,1
过远,1
高层,1
人馆,1
交流中心,1
大会,1
早恋,1
语录,1
南北,1
小女,1
外贸,1
转型,1
书单,1
领带,1
多么,1
金发,1
压力,1
学社,1
改变命运,1
不谈,1
感受一下,1
压分,1
阅卷,1
风格,1
保守,1
古典,1
华丽,1
简约,1
清新,1
试图,1
抑或,1
近来,1
几起,1
爆炸性,1
不良影响,1
中大该,1
消除,1
农业,1
中大传设,1
违规操作,1
整改,1
浙江人,1
路由器,1
大杀器,1
新帝,1
少数,1
北京理工,1
冷不冷,1
怕冷,1
网络管理,1
段子,1
心理疾病,1
性取向,1
逻辑,1
公知范,1
自由主义,1
负面新闻,1
频出,1
影楼,1
出外景,1
反而,1
大专生,1
困惑,1
这有,1
发现自己,1
人待,1
收获,1
水工,1
结构,1
新兴,1
创始人,1
阿里,1
国重,1
区间,1
今后,1
高层次,1
偏不爱,1
北语,1
外语外贸,1
自身,1
邻省,1
深大,1
产生,1
很烂,1
正畸,1
建筑系,1
所说,1
分支,1
诚邀,1
鞠躬,1
中,1
各,1
日,1
春,1
端午,1
重,1
寓意,1
什N,1
市长,1
房价,1
京沪,1
空间,1
大力,1
开发,1
古代,1
惧怕,1
瘴疠,1
之地,1
一大截,1
化工学院,1
能分,1
甩掉,1
漳校,1
至今,1
困扰,1
阻碍,1
吸引,1
三十名,1
转行,1
北理工,1
经过,1
打扫,1
算不算,1
生物科学,1
连本,1
海珠区,1
租房,1
劝阻,1
人想,1
读中大,1
陈少明,1
治学,1
路径,1
无感,1
同为,1
冲冲,1
超常发挥,1
我要,1
本省,1
交还,1
省去,1
研究成果,1
能上,1
金和上,1
想弃,1
南大医,1
中山楼,1
张贤勇,1
基督徒,1
决择,1
百度,1
网易公司,1
工学,1
常春藤,1
裸体,1
扇子舞,1
拐杖,1
南京师范大学,1
更广,1
高职,1
另外,1
农业大学,1
河南大学,1
加收,1
搭伙,1
有名,1
神教,1
考过,1
陈春声,1
时代,1
迎来,1
二次,1
高潮,1
厚朴,1
工作室,1
生是,1
仅仅,1
所在城市,1
何处,1
,1
彭柯迪,1
足球,1
总是,1
信科,1
硕导,1
黄天骥,1
玩意,1
野鸡大学,1
摄影,1
协会会长,1
梁斌,1
反同,1
差强人意,1
旭东,1
名叫,1
药房,1
地科院,1
院所,1
室内设计,1
改装,1
线路,1
万分,1
黄以华,1
绿色,1
能源,1
电池,1
混进,1
南京理工,1
施一公,1
学术报告,1
星球,1
转基因,1
胚胎,1
物化,1
旁能,1
享受,1
大五,1
等于,1
专业学位,1
低收入,1
分岔,1
文心,1
位置,1
大地,1
不可,1
必做,1
突发,1
命令,1
平安,1
及格,1
一招,1
测出,1
毛线,1
不及格,1
不予,1
五一,1
番禺,1
景区,1
小吃,1
漫展,1
全额,1
充足,1
决心,1
附属中学,1
先修班,1
平面设计,1
夜校,1
聂静虹,1
晚才,1
环卫工,1
中止,1
这则,1
生会,1
摩罗,1
虚无主义,1
广播台,1
破解,1
乙肝病毒,1
肝细胞,1
受体,1
科研成果,1
第一年,1
学些,1
六月,1
几本,1
名著,1
读读,1
从本,1
划掉,1
效率,1
探讨,1
就此,1
轨迹,1
行政化,1
管理所,1
著称,1
官僚化,1
饱受,1
诟病,1
骨伤科,1
六院,1
意味着,1
大校,1
好书,1
下滑,1
唐浩,1
上铺,1
地面,1
顺序,1
生想考,1
应当,1
文明,1
专业科目,1
化院,1
转岭院,1
围墙,1
安全系数,1
想来,1
数数,1
计量经济学,1
抄袭,1
昵称,1
姓名,1
蔚然,1
一景,1
电子竞技,1
俱乐部,1
四川省,1
中大新,1
陈乐斯,1
课题组,1
杀死,1
逆天,1
专杀,1
正常,1
无害,1
精确,1
杀灭,1
提名,1
诺奖,1
增大,1
江西财经大学,1
重演,1
悲剧,1
跻身,1
方阵,1
产业,1
吐槽,1
典故,1
总行,1
起薪,1
纷纷,1
展开,1
胸怀,1
例如,1
东京大学,1
更难,1
学位,1
主干,1
课能,1
第三次,1
澳大利亚,1
国立大学,1
高出,1
重点线,1
激光治疗,1
近视,1
权威,1
博学,1
审问,1
明辨,1
笃行,1
翻译成,1
微博号,1
背后,1
成员,1
上机,1
样子,1
内斗,1
京城,1
交锋,1
名师,1
类学,1
瞄准,1
完想报,1
带给,1
巴黎政治学院,1
跨行,1
去念,1
华为,1
自黑,1
好去处,1
删除,1
此条,1
最帅,1
王欢,1
中信,1
所比,1
商业街,1
多长时间,1
这块,1
客运站,1
坐地铁,1
路线图,1
越发,1
猛烈,1
借书,1
戏剧,1
期中考试,1
时数,1
献血,1
证明,1
申请入党,1
人均收入,1
拒绝,1
抵制,1
杜汶泽,1
参考资料,1
剑桥,1
牛津,1
制造,1
称为,1
姜昆,1
侯宝林,1
清门,1
相声,1
旗帜,1
南航,1
公费,1
数理统计,1
旅院,1
陕西,1
海洋学院,1
互转,1
陆委会,1
主委,1
王郁琦,1
肿瘤学,1
该院,1
留不住,1
几栋,1
红砖,1
古旧,1
小楼,1
用做,1
旅[,1
具w,1
^程,1
公共事务,1
报过,1
一对一,1
任志强,1
聘为,1
中国地质大学,1
二十年,1
具名,1
王牧,1
闻海虎,1
造假,1
好些,1
开有,1
辅导资料,1
公共关系,1
激光,1
中央大学,1
全校,1
转账,1
工行,1
转成,1
中国银行,1
中大有何,1
可暂,1
万上,1
可信,1
班有,1
神马,1
信息技术,1
欣赏,1
乐评人,1
出书,1
绝对,1
精英教育,1
现实意义,1
富豪,1
清华北大,1
真正,1
跨越,1
基本知识,1
基本上,1
社区,1
更快,1
融入,1
各有何,1
人类,1
形态,1
对称,1
校园歌手,1
音悦,1
推广,1
我能,1
手段,1
看书,1
这边,1
邀请,1
嘉宾,1
自荐,1
那边,1
生物学科,1
唐骏,1
踢馆,1
